{
  "clientId": "pomerene",
  "name": "Pomerene Hospital",

  "dataModel": "nine_file",

  "files": {
    "chargeByPostDate": "chargebypostdate.csv",
    "paymentByPostDate": "paymentbypostdate.csv",
    "chargeByServiceDate": "chargebyservicedate.csv",
    "paymentByServiceDate": "paymentbyservicedate.csv",
    "adjustmentByServiceDate": "adjustmentbyservicedate.csv",
    "denials": "denial.csv",
    "openAR": "openar.csv",
    "aging": "aging.csv",
    "automation": "automation.csv"
  },

  "kpis": [
    "denialRate",
    "gcr",
    "ncr",
    "fpr",
    "ccr",
    "totalClaims"
  ],

  "formulas": {
    "denialRate": "formula2",
    "gcr": "standard",
    "ncr": "standard",
    "fpr": "standard",
    "ccr": "standard",
    "totalClaims": "formula2"
  }
}
